"Fen","Depth","AfterNodes","AfterNps","AfterTimeMs","BeforeNodes","BeforeNps","BeforeTimeMs"
"8/p7/8/1P6/K1k3pP/6P1/8/8 b - h3 0 1","17","1598216","2273422","703","1598216","2339994","683"
"5k2/5p1p/p3B1p1/P5P1/3K1P1P/8/8/8 b - - 0 1","21","2403775","2524973","952","2403775","2411008","997"
"8/2p5/3p4/KP5r/1R3p1k/8/4P1P1/8 w - - 0 1","18","1770573","1989407","890","1770573","2002910","884"
"rnbqkbnr/pppppppp/8/8/8/8/PPPPPPPP/RNBQKBNR w KQkq - 0 1","14","1779869","992676","1793","1779869","974736","1826"
"rnbqkbnr/pppppppp/8/8/4P3/8/PPPP1PPP/RNBQKBNR b KQkq - 0 1","15","3518631","948418","3710","3518631","900135","3909"
"r3k2r/p6p/8/B7/1pp1p3/3b4/P6P/R3K2R w KQkq - 0 1","15","3693860","1189265","3106","3693860","1137622","3247"
"r3k2r/p6p/8/B7/1pp1p3/3b4/P6P/R3KR2 b Qkq - 0 1","18","2396369","1385184","1730","2396369","1105336","2168"
"r3k2r/p6p/8/8/1Bp1p3/3b4/P6P/R3K2R b KQkq - 0 1","16","3237087","1287624","2514","3237087","1251289","2587"
"r3k2r/p6p/8/B7/1pp1p3/3b4/P6P/R3K1R1 b Qkq - 0 1","16","5029242","1256682","4002","5029242","1102178","4563"
"r3k2r/p6p/8/B7/1pp1p3/3b4/P6P/1R2K2R b Kkq - 0 1","16","1628631","1219948","1335","1628631","1246083","1307"
"r3k2r/p6p/8/B7/1pp1p3/3b4/P6P/2R1K2R b Kkq - 0 1","16","847297","1222650","693","847297","1227966","690"
"r3k2r/p6p/8/B7/1pp1p3/3b4/P6P/3RK2R b Kkq - 0 1","16","3350726","1261093","2657","3350726","1188200","2820"
"r3k2r/p6p/8/B7/1pp1p3/3b4/P4K1P/R6R b kq - 0 1","16","3025132","1240825","2438","3025132","1158166","2612"
"r3k2r/p6p/8/B7/1pp1p2P/3b4/P7/R3K2R b KQkq - 0 1","17","3141183","1227983","2558","3141183","1148512","2735"
"r3k2r/p6p/8/B7/1pp1p3/3b3P/P7/R3K2R b KQkq - 0 1","16","1939615","1223731","1585","1939615","1190678","1629"
"r3k2r/p6p/8/B7/1pp1p3/3b4/P2K3P/R6R b kq - 0 1","16","2737167","1210600","2261","2737167","1113122","2459"
"r3k2r/p6p/8/B7/1pp1p3/3b4/P6P/R2K3R b kq - 0 1","16","1491285","1303570","1144","1491285","1207518","1235"
"r3k2r/p6p/8/B7/1pp1p3/3b4/P6P/2KR3R b kq - 0 1","17","3886102","1329036","2924","3886102","1165947","3333"
"r3k2r/p6p/8/B7/Ppp1p3/3b4/7P/R3K2R b KQkq a3 0 1","17","2532048","1134430","2232","2532048","1183753","2139"
"r3k2r/p6p/8/B7/1pp1p3/P2b4/7P/R3K2R b KQkq - 0 1","17","1342779","1281277","1048","1342779","1204286","1115"
"r3k2r/p1B4p/8/8/1pp1p3/3b4/P6P/R3K2R b KQkq - 0 1","17","1916639","1250253","1533","1916639","1139500","1682"
"r2Bk2r/p6p/8/8/1pp1p3/3b4/P6P/R3K2R b KQkq - 0 1","17","4154015","1513853","2744","4154015","1439866","2885"
"r3k2r/p6p/1B6/8/1pp1p3/3b4/P6P/R3K2R b KQkq - 0 1","15","3695970","1343500","2751","3695970","1267044","2917"
"8/p7/8/1P6/K1k5/6Pp/8/8 w - - 0 1","19","4526866","2391371","1893","4526866","2254415","2008"
"8/8/p7/1P6/K1k3pP/6P1/8/8 w - - 0 1","14","659929","2598145","254","659929","2480936","266"
"8/p7/8/1Pk5/K5pP/6P1/8/8 w - - 0 1","12","18255","2607857","7","18255","2607857","7"
"8/p7/8/1P1k4/K5pP/6P1/8/8 w - - 0 1","13","70418","3353238","21","70418","3061652","23"
"8/p7/8/1P6/K2k2pP/6P1/8/8 w - - 0 1","13","81753","3554478","23","81753","3270120","25"
"8/p7/8/1P6/K5pP/2k3P1/8/8 w - - 0 1","13","137856","2651076","52","137856","1745012","79"
"8/p7/8/1P6/K5pP/3k2P1/8/8 w - - 0 1","12","51293","2564650","20","51293","2137208","24"
"8/8/8/pP6/K1k3pP/6P1/8/8 w - a6 0 1","13","522664","2168730","241","522664","2159768","242"
"8/8/8/KP6/5pPk/8/4P3/8 b - g3 0 1","19","4817001","1633989","2948","4817001","1277380","3771"
"r3k2r/p1ppqpb1/bn2pnp1/3PN3/1p2P3/2N2Q1p/PPPBBPPP/R3K2R w KQkq - 0 1","15","3128541","848763","3686","3128541","763431","4098"
"8/2p5/8/KP6/5pPk/8/4P3/8 b - g3 0 1","16","8735043","2616849","3338","8735043","2330587","3748"
"8/2p5/3p4/KP6/5pPk/8/4P3/8 b - g3 0 1","17","6688188","2522892","2651","6688188","2482623","2694"
"4k3/8/8/8/8/8/PPPPPPPP/RNBQKBNR w KQ - 0 1","9","88961","1647425","54","88961","1482683","60"
"8/2p5/3p4/KP5r/1R2Pp1k/8/6P1/8 b - e3 0 1","14","542324","1896237","286","542324","1789848","303"
"8/8/3p4/KPp4r/1R3p1k/4P3/6P1/8 w - c6 0 1","15","2566905","1765409","1454","2566905","1620520","1584"
"8/2p5/3p4/KP5r/R4p1k/8/4P1P1/8 b - - 0 1","18","8424664","2107746","3997","8424664","1986480","4241"
"8/2p5/3p4/1P5r/KR3p1k/8/4P1P1/8 b - - 0 1","18","4254486","2240382","1899","4254486","2083489","2042"
"8/2p5/3p4/KP5r/1R3pPk/8/4P3/8 b - g3 0 1","19","6518801","2286496","2851","6518801","2169318","3005"
"8/2p5/K2p4/1P5r/1R3p1k/8/4P1P1/8 b - - 0 1","17","1674118","2312317","724","1674118","2256223","742"
"8/3K4/2p5/p2b2r1/5k2/8/8/1q6 b - - 1 67","7","2313681","3774357","613","2313681","3632152","637"
"8/p7/8/1P6/K1k3p1/6P1/7P/8 w - - 0 1","21","711109","2788662","255","711109","2477731","287"
"n1n5/PPPk4/8/8/8/8/4Kppp/5N1N b - - 0 1","11","191250","1663043","115","191250","1770833","108"
"rnbqkb1r/ppppp1pp/7n/4Pp2/8/8/PPPP1PPP/RNBQKBNR w KQkq f6 0 3","15","4019788","1036562","3878","4019788","988148","4068"
